{"mean":{"LE07_184030_19990930":23.8007091085,"LE07_184030_20010919":0.4603588318,"LT05_184030_19990415":21.3765839397,"LE07_184030_20000527":31.6758169088,"LE07_184030_20000612":30.2598514318,"LE07_184030_20000628":29.1950764355,"LT05_184030_20000128":-5.6753740453,"LT05_184030_20061027":18.077105081,"LT05_184030_20070928":24.1749739112,"LT05_184030_20060504":20.0104143492,"LT05_184030_20060520":30.1010133544,"LT05_184030_20070624":30.2712200507,"LT05_184030_20070726":30.1681907429,"LT05_184030_20050210":-8.9980386314,"LT05_184030_20110923":23.8630804381,"LC08_184030_20141001":19.7256899443,"LT05_184030_20090512":29.1832895144,"LC08_184030_20140323":23.1132391137,"LT05_184030_20110822":31.7502128354,"LC08_184030_20140814":33.6579227973,"LT05_184030_20110211":4.7245307158,"LC08_184030_20170907":29.4207371355,"LC08_184030_20191015":23.1955539496,"LC08_184030_20170518":22.8812133262,"LC08_184030_20180403":20.0968898447,"LC08_184030_20170705":28.1874155323,"LC08_184030_20190812":33.9393397867,"LC08_184030_20190217":7.4363230585},"std":{"LE07_184030_19990930":4.5234310646,"LE07_184030_20010919":15.9066796038,"LT05_184030_19990415":6.0769469583,"LE07_184030_20000527":6.5847401093,"LE07_184030_20000612":6.1347786493,"LE07_184030_20000628":7.2600525062,"LT05_184030_20000128":2.864131226,"LT05_184030_20061027":2.9060996048,"LT05_184030_20070928":3.7390405051,"LT05_184030_20060504":5.1108093033,"LT05_184030_20060520":5.4772306525,"LT05_184030_20070624":5.4369150095,"LT05_184030_20070726":6.0618633201,"LT05_184030_20050210":2.3964829466,"LT05_184030_20110923":4.771877667,"LC08_184030_20141001":2.8558861762,"LT05_184030_20090512":5.0608631874,"LC08_184030_20140323":5.4078778884,"LT05_184030_20110822":6.0124337936,"LC08_184030_20140814":4.9178052569,"LT05_184030_20110211":2.7180283512,"LC08_184030_20170907":5.405535464,"LC08_184030_20191015":3.7037232893,"LC08_184030_20170518":6.180914056,"LC08_184030_20180403":4.7664620725,"LC08_184030_20170705":5.4327329741,"LC08_184030_20190812":5.4018483647,"LC08_184030_20190217":3.5759723763},"min":{"LE07_184030_19990930":11.26853438,"LE07_184030_20010919":-23.50981912,"LT05_184030_19990415":-3.31957498,"LE07_184030_20000527":13.07666696,"LE07_184030_20000612":17.54060108,"LE07_184030_20000628":11.76072926,"LT05_184030_20000128":-16.49604208,"LT05_184030_20061027":9.3065909,"LT05_184030_20070928":8.02141538,"LT05_184030_20060504":-1.42257388,"LT05_184030_20060520":3.57115334,"LT05_184030_20070624":12.50585762,"LT05_184030_20070726":16.03667228,"LT05_184030_20050210":-18.52634596,"LT05_184030_20110923":10.56784028,"LC08_184030_20141001":10.52340602,"LT05_184030_20090512":5.45790038,"LC08_184030_20140323":0.49835336,"LT05_184030_20110822":17.22272522,"LC08_184030_20140814":18.381434,"LT05_184030_20110211":-10.1761231,"LC08_184030_20170907":7.99748924,"LC08_184030_20191015":12.37939088,"LC08_184030_20170518":7.84709636,"LC08_184030_20180403":-1.35421348,"LC08_184030_20170705":14.8266932,"LC08_184030_20190812":21.97377302,"LC08_184030_20190217":-6.95293024},"max":{"LE07_184030_19990930":42.46480292,"LE07_184030_20010919":41.94184586,"LT05_184030_19990415":43.25778356,"LE07_184030_20000527":63.14724194,"LE07_184030_20000612":59.055872,"LE07_184030_20000628":55.32681218,"LT05_184030_20000128":7.74455576,"LT05_184030_20061027":32.03984192,"LT05_184030_20070928":41.23773374,"LT05_184030_20060504":40.38664676,"LT05_184030_20060520":57.75018836,"LT05_184030_20070624":56.55729938,"LT05_184030_20070726":51.37216304,"LT05_184030_20050210":6.78409214,"LT05_184030_20110923":43.00143206,"LC08_184030_20141001":36.83532398,"LT05_184030_20090512":52.77696926,"LC08_184030_20140323":42.6835562,"LT05_184030_20110822":58.6286195,"LC08_184030_20140814":60.88109468,"LT05_184030_20110211":19.2701192,"LC08_184030_20170907":50.39460932,"LC08_184030_20191015":38.20936802,"LC08_184030_20170518":49.81354592,"LC08_184030_20180403":39.74747702,"LC08_184030_20170705":58.70039792,"LC08_184030_20190812":54.90639572,"LC08_184030_20190217":17.81404268}}