{"id":{"0":"LT05_184030_19990415","1":"LE07_184030_19990930","2":"LT05_184030_20000128","3":"LE07_184030_20000527","4":"LE07_184030_20000612","5":"LE07_184030_20000628","6":"LE07_184030_20010919","7":"LT05_184030_20050210","8":"LT05_184030_20060504","9":"LT05_184030_20060520","10":"LT05_184030_20061027","11":"LT05_184030_20070624","12":"LT05_184030_20070726","13":"LT05_184030_20070928","14":"LT05_184030_20090512","15":"LT05_184030_20110211","16":"LT05_184030_20110822","17":"LT05_184030_20110923","18":"LC08_184030_20140323","19":"LC08_184030_20140814","20":"LC08_184030_20141001","21":"LC08_184030_20170518","22":"LC08_184030_20170705","23":"LC08_184030_20170907","24":"LC08_184030_20180403","25":"LC08_184030_20190217","26":"LC08_184030_20190812","27":"LC08_184030_20191015"},"mean":{"0":21.3765839397,"1":23.8007091085,"2":-5.6753740453,"3":31.6758169088,"4":30.2598514318,"5":29.1950764355,"6":0.4603588318,"7":-8.9980386314,"8":20.0104143492,"9":30.1010133544,"10":18.077105081,"11":30.2712200507,"12":30.1681907429,"13":24.1749739112,"14":29.1832895144,"15":4.7245307158,"16":31.7502128354,"17":23.8630804381,"18":23.1132391137,"19":33.6579227973,"20":19.7256899443,"21":22.8812133262,"22":28.1874155323,"23":29.4207371355,"24":20.0968898447,"25":7.4363230585,"26":33.9393397867,"27":23.1955539496},"std":{"0":6.0769469583,"1":4.5234310646,"2":2.864131226,"3":6.5847401093,"4":6.1347786493,"5":7.2600525062,"6":15.9066796038,"7":2.3964829466,"8":5.1108093033,"9":5.4772306525,"10":2.9060996048,"11":5.4369150095,"12":6.0618633201,"13":3.7390405051,"14":5.0608631874,"15":2.7180283512,"16":6.0124337936,"17":4.771877667,"18":5.4078778884,"19":4.9178052569,"20":2.8558861762,"21":6.180914056,"22":5.4327329741,"23":5.405535464,"24":4.7664620725,"25":3.5759723763,"26":5.4018483647,"27":3.7037232893},"min":{"0":-3.31957498,"1":11.26853438,"2":-16.49604208,"3":13.07666696,"4":17.54060108,"5":11.76072926,"6":-23.50981912,"7":-18.52634596,"8":-1.42257388,"9":3.57115334,"10":9.3065909,"11":12.50585762,"12":16.03667228,"13":8.02141538,"14":5.45790038,"15":-10.1761231,"16":17.22272522,"17":10.56784028,"18":0.49835336,"19":18.381434,"20":10.52340602,"21":7.84709636,"22":14.8266932,"23":7.99748924,"24":-1.35421348,"25":-6.95293024,"26":21.97377302,"27":12.37939088},"max":{"0":43.25778356,"1":42.46480292,"2":7.74455576,"3":63.14724194,"4":59.055872,"5":55.32681218,"6":41.94184586,"7":6.78409214,"8":40.38664676,"9":57.75018836,"10":32.03984192,"11":56.55729938,"12":51.37216304,"13":41.23773374,"14":52.77696926,"15":19.2701192,"16":58.6286195,"17":43.00143206,"18":42.6835562,"19":60.88109468,"20":36.83532398,"21":49.81354592,"22":58.70039792,"23":50.39460932,"24":39.74747702,"25":17.81404268,"26":54.90639572,"27":38.20936802},"date":{"0":924134400000,"1":938649600000,"2":949017600000,"3":959385600000,"4":960768000000,"5":962150400000,"6":1000857600000,"7":1107993600000,"8":1146700800000,"9":1148083200000,"10":1161907200000,"11":1182643200000,"12":1185408000000,"13":1190937600000,"14":1242086400000,"15":1297382400000,"16":1313971200000,"17":1316736000000,"18":1395532800000,"19":1407974400000,"20":1412121600000,"21":1495065600000,"22":1499212800000,"23":1504742400000,"24":1522713600000,"25":1550361600000,"26":1565568000000,"27":1571097600000},"collection":{"0":"LT05","1":"LE07","2":"LT05","3":"LE07","4":"LE07","5":"LE07","6":"LE07","7":"LT05","8":"LT05","9":"LT05","10":"LT05","11":"LT05","12":"LT05","13":"LT05","14":"LT05","15":"LT05","16":"LT05","17":"LT05","18":"LC08","19":"LC08","20":"LC08","21":"LC08","22":"LC08","23":"LC08","24":"LC08","25":"LC08","26":"LC08","27":"LC08"},"season":{"0":"spring","1":"autumn","2":"winter","3":"spring","4":"summer","5":"summer","6":"autumn","7":"winter","8":"spring","9":"spring","10":"autumn","11":"summer","12":"summer","13":"autumn","14":"spring","15":"winter","16":"summer","17":"autumn","18":"spring","19":"summer","20":"autumn","21":"spring","22":"summer","23":"autumn","24":"spring","25":"winter","26":"summer","27":"autumn"},"tier":{"0":"T1","1":"T1","2":"T2","3":"T1","4":"T1","5":"T1","6":"T1","7":"T1","8":"T1","9":"T1","10":"T1","11":"T1","12":"T1","13":"T1","14":"T1","15":"T1","16":"T1","17":"T1","18":"T1","19":"T1","20":"T1","21":"T1","22":"T1","23":"T1","24":"T1","25":"T1","26":"T1","27":"T1"},"ghs":{"0":"JRC\/GHSL\/P2023A\/GHS_POP\/2000","1":"JRC\/GHSL\/P2023A\/GHS_POP\/2000","2":"JRC\/GHSL\/P2023A\/GHS_POP\/2000","3":"JRC\/GHSL\/P2023A\/GHS_POP\/2000","4":"JRC\/GHSL\/P2023A\/GHS_POP\/2000","5":"JRC\/GHSL\/P2023A\/GHS_POP\/2000","6":"JRC\/GHSL\/P2023A\/GHS_POP\/2000","7":"JRC\/GHSL\/P2023A\/GHS_POP\/2005","8":"JRC\/GHSL\/P2023A\/GHS_POP\/2005","9":"JRC\/GHSL\/P2023A\/GHS_POP\/2005","10":"JRC\/GHSL\/P2023A\/GHS_POP\/2005","11":"JRC\/GHSL\/P2023A\/GHS_POP\/2005","12":"JRC\/GHSL\/P2023A\/GHS_POP\/2005","13":"JRC\/GHSL\/P2023A\/GHS_POP\/2005","14":"JRC\/GHSL\/P2023A\/GHS_POP\/2010","15":"JRC\/GHSL\/P2023A\/GHS_POP\/2010","16":"JRC\/GHSL\/P2023A\/GHS_POP\/2010","17":"JRC\/GHSL\/P2023A\/GHS_POP\/2010","18":"JRC\/GHSL\/P2023A\/GHS_POP\/2015","19":"JRC\/GHSL\/P2023A\/GHS_POP\/2015","20":"JRC\/GHSL\/P2023A\/GHS_POP\/2015","21":"JRC\/GHSL\/P2023A\/GHS_POP\/2015","22":"JRC\/GHSL\/P2023A\/GHS_POP\/2015","23":"JRC\/GHSL\/P2023A\/GHS_POP\/2015","24":"JRC\/GHSL\/P2023A\/GHS_POP\/2020","25":"JRC\/GHSL\/P2023A\/GHS_POP\/2020","26":"JRC\/GHSL\/P2023A\/GHS_POP\/2020","27":"JRC\/GHSL\/P2023A\/GHS_POP\/2020"},"period":{"0":"1999-2001","1":"1999-2001","2":"1999-2001","3":"1999-2001","4":"1999-2001","5":"1999-2001","6":"1999-2001","7":"2005-2007","8":"2005-2007","9":"2005-2007","10":"2005-2007","11":"2005-2007","12":"2005-2007","13":"2005-2007","14":"2009-2014","15":"2009-2014","16":"2009-2014","17":"2009-2014","18":"2009-2014","19":"2009-2014","20":"2009-2014","21":"2017-2019","22":"2017-2019","23":"2017-2019","24":"2017-2019","25":"2017-2019","26":"2017-2019","27":"2017-2019"}}