{"year":{"0":"1975","1":"1980","2":"1985","3":"1990","4":"1995","5":"2000","6":"2005","7":"2010","8":"2015","9":"2020"},"sum":{"0":738287.6769751729,"1":811434.3007551581,"2":891907.0200968357,"3":898749.5849564699,"4":881262.2024604008,"5":850258.0932029495,"6":879760.972260071,"7":914399.251709912,"8":943964.0650541582,"9":976251.1496196203},"mean":{"0":7.9201819106,"1":8.7048822172,"2":9.568175207,"3":9.6415806831,"4":9.4539800298,"5":9.1213750129,"6":9.4378751744,"7":9.8094667408,"8":10.1266313192,"9":10.4729998028},"std":{"0":29.374498095,"1":31.1476159249,"2":33.2256807711,"3":32.6702022784,"4":30.9066342292,"5":29.1110110546,"6":29.1095141886,"7":29.4047904677,"8":29.7056010785,"9":30.2812096619},"min":{"0":0.0,"1":0.0,"2":0.0,"3":0.0,"4":0.0,"5":0.0,"6":0.0,"7":0.0,"8":0.0,"9":0.0},"max":{"0":468.9200744629,"1":487.4006652832,"2":507.7452087402,"3":486.0195007324,"4":425.6571960449,"5":383.2509155273,"6":381.2232971191,"7":401.7840576172,"8":416.9100952148,"9":422.5647277832}}