{"period":{"0":"1999-2001","1":"1999-2001","2":"1999-2001","3":"1999-2001","4":"2005-2007","5":"2005-2007","6":"2005-2007","7":"2005-2007","8":"2009-2014","9":"2009-2014","10":"2009-2014","11":"2009-2014","12":"2017-2019","13":"2017-2019","14":"2017-2019","15":"2017-2019"},"season":{"0":"spring","1":"autumn","2":"winter","3":"summer","4":"spring","5":"autumn","6":"winter","7":"summer","8":"spring","9":"autumn","10":"winter","11":"summer","12":"spring","13":"autumn","14":"winter","15":"summer"},"mean":{"0":26.5262004242,"1":12.1305339702,"2":-5.6753740453,"3":29.7274639337,"4":25.0557138518,"5":21.1260394961,"6":-8.9980386314,"7":30.2197053968,"8":26.148264314,"9":21.7943851912,"10":4.7245307158,"11":32.7040678164,"12":21.4890515854,"13":26.3081455426,"14":7.4363230585,"15":31.0633776595},"std":{"0":6.3308435338,"1":10.2150553342,"2":2.864131226,"3":6.6974155778,"4":5.2940199779,"5":3.3225700549,"6":2.3964829466,"7":5.7493891648,"8":5.2343705379,"9":3.8138819216,"10":2.7180283512,"11":5.4651195252,"12":5.4736880643,"13":4.5546293767,"14":3.5759723763,"15":5.4172906694},"min":{"0":-3.31957498,"1":-23.50981912,"2":-16.49604208,"3":11.76072926,"4":-1.42257388,"5":8.02141538,"6":-18.52634596,"7":12.50585762,"8":0.49835336,"9":10.52340602,"10":-10.1761231,"11":17.22272522,"12":-1.35421348,"13":7.99748924,"14":-6.95293024,"15":14.8266932},"max":{"0":63.14724194,"1":42.46480292,"2":7.74455576,"3":59.055872,"4":57.75018836,"5":41.23773374,"6":6.78409214,"7":56.55729938,"8":52.77696926,"9":43.00143206,"10":19.2701192,"11":60.88109468,"12":49.81354592,"13":50.39460932,"14":17.81404268,"15":58.70039792}}